site,block,variety,yield
site_7,4,variety_23,NA
site_7,1,variety_22,2.881003192
site_7,2,variety_23,4.321504788
site_7,4,variety_3,4.321504788
site_7,3,variety_22,7.202507981
site_7,3,variety_34,10.08351117
site_7,2,variety_3,12.96451437
site_7,2,variety_22,14.40501596
site_7,1,variety_23,14.40501596
site_6,4,variety_22,24.40379175
site_7,4,variety_22,24.48852713
site_7,3,variety_23,24.48852713
site_6,3,variety_22,25.75955795
site_6,1,variety_22,27.11532416
site_7,3,variety_38,28.81003192
site_7,4,variety_24,33.13153671
site_6,2,variety_22,36.60568762
site_9,1,variety_22,39.31722004
site_7,3,variety_24,44.65554948
site_7,3,variety_12,47.53655267
site_7,4,variety_8,48.97705427
site_7,1,variety_3,53.29855906
site_7,2,variety_21,56.17956225
site_6,3,variety_23,56.94218074
site_7,4,variety_21,59.06056544
site_7,2,variety_34,59.06056544
site_7,2,variety_24,60.50106704
site_7,2,variety_8,63.38207023
site_7,2,variety_2,64.82257183
site_7,3,variety_2,67.70357502
site_7,3,variety_25,67.70357502
site_7,1,variety_34,67.70357502
site_7,4,variety_38,67.70357502
site_7,4,variety_4,70.58457821
site_7,1,variety_24,72.02507981
site_7,2,variety_4,72.02507981
site_7,4,variety_33,73.4655814
site_7,3,variety_21,80.66808938
site_9,3,variety_22,81.34597249
site_7,4,variety_14,82.10859098
site_6,1,variety_21,82.7017387
site_7,3,variety_8,83.54909258
site_7,4,variety_1,84.98959417
site_7,3,variety_17,86.43009577
site_7,3,variety_14,89.31109896
site_7,3,variety_11,99.39461013
site_7,3,variety_3,106.5971181
site_7,2,variety_9,106.5971181
site_6,4,variety_23,113.8843615
site_7,4,variety_2,116.6806293
site_7,1,variety_21,116.6806293
site_7,3,variety_9,118.1211309
site_7,1,variety_4,121.0021341
site_6,4,variety_38,126.0862574
site_6,1,variety_1,127.4420236
site_7,1,variety_2,128.2046421
site_7,2,variety_20,128.2046421
site_7,1,variety_8,128.2046421
site_9,1,variety_23,128.7977898
site_7,1,variety_1,129.6451437
site_7,4,variety_37,129.6451437
site_6,3,variety_3,131.5093222
site_7,3,variety_13,132.5261468
site_7,2,variety_36,132.5261468
site_7,2,variety_38,132.5261468
site_6,3,variety_21,132.8650884
site_7,2,variety_16,133.9666484
site_7,3,variety_37,135.40715
site_6,4,variety_2,135.5766208
site_7,3,variety_32,141.1691564
site_9,1,variety_34,142.3554519
site_7,4,variety_26,142.609658
site_9,1,variety_22,143.7112181
site_7,4,variety_27,144.0501596
site_7,2,variety_7,144.0501596
site_6,1,variety_34,146.4227505
site_7,3,variety_35,146.9311628
site_6,1,variety_2,147.7785167
site_6,2,variety_4,147.7785167
site_7,3,variety_30,148.3716644
site_7,2,variety_18,149.812166
site_7,4,variety_25,152.6931692
site_7,3,variety_16,154.1336708
site_7,4,variety_35,154.1336708
site_7,2,variety_5,154.1336708
site_6,3,variety_24,155.9131139
site_7,4,variety_12,158.4551756
site_7,4,variety_34,159.8956772
site_7,3,variety_1,161.3361788
site_7,1,variety_9,161.3361788
site_3,3,variety_25,163.461174
site_7,2,variety_35,164.217182
site_7,4,variety_5,164.217182
site_6,4,variety_3,168.1150098
site_6,2,variety_38,170.8265422
site_9,3,variety_22,170.8265422
site_9,4,variety_23,170.8265422
site_6,2,variety_24,172.1823084
site_6,1,variety_12,173.5380746
site_6,1,variety_24,173.5380746
site_7,2,variety_11,174.3006931
site_7,1,variety_26,175.7411947
site_7,1,variety_5,175.7411947
site_7,3,variety_5,175.7411947
site_7,4,variety_32,181.5032011
site_7,4,variety_16,184.3842043
site_6,1,variety_3,185.7399705
site_7,1,variety_25,185.8247059
site_6,2,variety_3,187.0957367
site_7,3,variety_10,187.2652075
site_7,4,variety_31,187.2652075
site_6,2,variety_12,188.4515029
site_6,1,variety_5,188.4515029
site_7,1,variety_18,190.1462107
site_7,4,variety_36,191.5867123
site_6,4,variety_21,192.5188016
site_7,2,variety_17,193.0272139
site_6,2,variety_21,196.5861002
site_6,1,variety_4,200.6533988
site_7,1,variety_14,203.1107251
site_6,4,variety_34,203.3649312
site_7,3,variety_18,204.5512267
site_7,4,variety_28,205.9917282
site_6,3,variety_2,206.0764636
site_6,2,variety_23,207.4322298
site_6,3,variety_16,210.1437623
site_6,2,variety_2,210.1437623
site_7,1,variety_38,210.313233
site_7,1,variety_12,211.7537346
site_7,2,variety_1,213.1942362
site_7,4,variety_18,213.1942362
site_7,3,variety_20,214.6347378
site_9,2,variety_23,216.9225933
site_6,4,variety_1,218.2783595
site_7,3,variety_36,218.9562426
site_7,2,variety_26,220.3967442
site_7,1,variety_20,221.8372458
site_6,1,variety_38,223.7014243
site_7,1,variety_30,224.718249
site_6,3,variety_4,225.0571906
site_7,1,variety_17,226.1587506
site_7,3,variety_27,226.1587506
site_6,3,variety_38,229.1244892
site_7,2,variety_13,231.920757
site_7,3,variety_28,233.3612586
site_9,3,variety_23,234.547554
site_7,2,variety_10,236.2422618
site_7,1,variety_27,236.2422618
site_7,3,variety_33,236.2422618
site_7,3,variety_4,236.2422618
site_7,2,variety_14,237.6827634
site_7,2,variety_15,237.6827634
site_7,2,variety_37,239.123265
site_6,2,variety_6,241.326385
site_7,4,variety_15,242.0042682
site_7,1,variety_29,242.0042682
site_7,1,variety_37,242.0042682
site_7,1,variety_36,243.4447697
site_7,2,variety_33,246.3257729
site_6,1,variety_35,246.7494499
site_7,3,variety_29,249.2067761
site_7,4,variety_17,250.6472777
site_7,1,variety_35,250.6472777
site_7,4,variety_29,253.5282809
site_7,3,variety_31,253.5282809
site_7,2,variety_32,254.9687825
site_7,3,variety_7,254.9687825
site_7,2,variety_27,256.4092841
site_7,2,variety_29,256.4092841
site_7,2,variety_12,257.8497857
site_6,4,variety_24,258.9513458
site_7,4,variety_7,267.9332969
site_6,4,variety_12,268.4417092
site_6,1,variety_23,268.4417092
site_7,2,variety_30,269.3737985
site_6,4,variety_35,269.7974754
site_7,4,variety_20,270.8143001
site_6,2,variety_34,271.1532416
site_6,1,variety_18,273.864774
site_6,4,variety_5,275.2205403
site_6,3,variety_34,276.5763065
site_7,2,variety_28,276.5763065
site_7,2,variety_25,279.4573097
site_7,1,variety_6,282.3383128
site_7,4,variety_19,283.7788144
site_6,2,variety_18,284.7109037
site_7,4,variety_13,286.6598176
site_6,4,variety_36,291.4897347
site_7,3,variety_26,292.421824
site_7,1,variety_13,296.7433288
site_6,4,variety_19,298.2685658
site_9,2,variety_21,298.2685658
site_6,4,variety_8,300.9800982
site_7,4,variety_6,301.0648336
site_7,3,variety_6,302.5053352
site_7,1,variety_32,303.9458368
site_2,2,variety_22,306.403163
site_7,1,variety_11,309.7078432
site_6,1,variety_19,311.8262279
site_3,3,variety_22,314.66276
site_7,1,variety_33,316.9103512
site_6,2,variety_5,319.9608251
site_7,1,variety_28,321.2318559
site_2,2,variety_3,321.3165913
site_9,4,variety_21,321.3165913
site_7,3,variety_19,326.9938623
site_6,2,variety_35,328.0954224
site_6,4,variety_29,329.4511886
site_9,2,variety_3,329.4511886
site_7,4,variety_30,336.0690224
site_7,4,variety_11,338.5178751
site_6,1,variety_14,338.941552
site_6,2,variety_36,340.2973182
site_6,2,variety_7,341.6530845
site_6,3,variety_35,345.7203831
site_6,1,variety_7,345.7203831
site_6,2,variety_28,348.4319155
site_7,4,variety_9,348.6013863
site_7,2,variety_19,350.0418879
site_6,3,variety_36,351.1434479
site_9,4,variety_2,351.1434479
site_7,2,variety_6,351.4823895
site_6,1,variety_20,352.4992141
site_7,1,variety_16,357.2443958
site_7,1,variety_7,357.2443958
site_7,4,variety_10,361.5659006
site_7,1,variety_31,361.5659006
site_7,2,variety_31,361.5659006
site_7,1,variety_15,365.8874054
site_6,3,variety_5,366.0568762
site_9,1,variety_34,366.0568762
site_9,1,variety_2,368.7684086
site_2,1,variety_23,370.1241748
site_6,3,variety_7,374.1914734
site_7,1,variety_19,375.9709166
site_6,4,variety_25,379.6145383
site_6,3,variety_30,380.9703045
site_7,3,variety_15,381.732923
site_6,2,variety_17,383.6818369
site_6,3,variety_29,385.0376031
site_6,4,variety_4,390.4606679
site_6,1,variety_17,393.1722004
site_6,2,variety_14,408.0856286
site_6,1,variety_11,409.4413949
site_6,2,variety_1,417.5759921
site_9,4,variety_33,417.5759921
site_6,3,variety_12,418.9317583
site_6,3,variety_11,422.9990569
site_6,2,variety_19,422.9990569
site_6,2,variety_9,422.9990569
site_6,1,variety_16,424.3548231
site_7,1,variety_10,427.8289741
site_6,4,variety_16,429.777888
site_6,4,variety_7,431.1336542
site_6,1,variety_6,432.4894204
site_6,1,variety_28,440.6240176
site_6,1,variety_37,440.6240176
site_9,2,variety_21,441.9797839
site_2,2,variety_23,447.4028487
site_6,1,variety_36,447.4028487
site_6,3,variety_18,451.4701473
site_6,2,variety_31,451.4701473
site_6,3,variety_19,455.5374459
site_9,3,variety_21,456.8932121
site_9,2,variety_3,460.9605108
site_6,3,variety_33,463.6720432
site_2,1,variety_22,466.3835756
site_6,4,variety_9,469.095108
site_9,3,variety_3,470.4508742
site_9,1,variety_1,471.8066404
site_6,2,variety_37,475.8739391
site_9,1,variety_5,475.8739391
site_6,2,variety_16,477.2297053
site_6,1,variety_30,479.9412377
site_6,2,variety_33,484.0085363
site_6,4,variety_18,485.3643025
site_6,4,variety_27,485.3643025
site_9,3,variety_2,497.5661984
site_6,4,variety_14,501.633497
site_9,3,variety_3,502.9892632
site_1,4,variety_22,507.0565618
site_6,1,variety_31,507.0565618
site_6,1,variety_8,511.1238605
site_9,4,variety_1,513.8353929
site_6,2,variety_13,523.3257563
site_6,4,variety_17,523.3257563
site_6,3,variety_27,527.393055
site_6,1,variety_10,528.7488212
site_8,4,variety_22,535.6865311
site_6,3,variety_17,536.8834184
site_6,1,variety_29,538.2391846
site_9,1,variety_24,539.5949508
site_9,4,variety_26,539.5949508
site_9,4,variety_8,543.6622495
site_6,1,variety_33,554.5083791
site_6,3,variety_32,555.8641453
site_6,4,variety_37,557.2199115
site_9,3,variety_34,561.2872102
site_6,4,variety_32,562.6429764
site_9,2,variety_24,565.3545088
site_9,2,variety_38,565.3545088
site_6,3,variety_25,572.1333398
site_6,3,variety_26,573.489106
site_9,4,variety_16,573.489106
site_3,4,variety_22,573.7487208
site_6,2,variety_20,578.9121709
site_6,2,variety_11,580.2679371
site_6,1,variety_32,581.6237033
site_6,4,variety_20,584.3352357
site_9,1,variety_2,585.6910019
site_9,4,variety_24,587.0467681
site_6,2,variety_32,589.7583005
site_6,3,variety_37,595.1813654
site_6,4,variety_6,600.6044302
site_6,2,variety_26,603.3159626
site_6,1,variety_13,607.3832612
site_3,2,variety_38,613.7967085
site_6,2,variety_25,615.5178585
site_6,1,variety_15,616.8736247
site_6,1,variety_9,616.8736247
site_6,3,variety_1,619.5851571
site_6,4,variety_33,623.6524557
site_6,2,variety_8,623.6524557
site_6,2,variety_10,625.008222
site_6,1,variety_25,625.008222
site_6,4,variety_28,627.7197544
site_6,2,variety_29,627.7197544
site_2,1,variety_3,631.787053
site_3,1,variety_22,636.6812729
site_9,4,variety_38,637.2101178
site_3,4,variety_38,640.7678022
site_6,3,variety_28,649.4120137
site_6,4,variety_11,654.8350785
site_6,3,variety_13,657.5466109
site_6,3,variety_15,657.5466109
site_6,3,variety_14,662.9696758
site_9,2,variety_1,664.325442
site_6,3,variety_20,665.6812082
site_2,3,variety_21,669.7485068
site_2,3,variety_22,669.7485068
site_6,4,variety_31,672.4600392
site_6,3,variety_8,681.9504027
site_2,3,variety_23,687.3734675
site_6,4,variety_10,688.7292337
site_2,4,variety_23,690.0849999
site_6,4,variety_15,691.4407662
site_9,4,variety_14,694.1522986
site_1,4,variety_23,696.863831
site_9,1,variety_5,700.9311296
site_6,2,variety_27,703.642662
site_9,3,variety_34,707.7099606
site_9,3,variety_38,707.7099606
site_5,4,variety_34,711.6077885
site_3,3,variety_17,724.133001
site_9,4,variety_30,732.1137524
site_9,4,variety_6,732.1137524
site_6,4,variety_30,734.8252848
site_3,3,variety_12,742.931036
site_6,1,variety_27,745.6714145
site_6,3,variety_9,745.6714145
site_9,1,variety_35,748.3829469
site_3,4,variety_12,758.4598475
site_4,2,variety_22,761.940609
site_9,2,variety_20,761.940609
site_8,4,variety_3,766.7669954
site_6,3,variety_31,775.4982711
site_3,4,variety_2,777.1321432
site_3,3,variety_16,778.8924943
site_6,3,variety_6,782.2771021
site_9,2,variety_14,782.2771021
site_3,1,variety_3,791.9693882
site_2,2,variety_24,793.1232318
site_6,2,variety_30,798.5462966
site_3,4,variety_23,799.325141
site_9,3,variety_1,802.6135952
site_9,1,variety_16,808.0366601
site_9,4,variety_36,821.5943221
site_9,4,variety_4,821.5943221
site_3,1,variety_32,823.0270112
site_3,1,variety_35,825.4789289
site_9,1,variety_36,825.6616208
site_2,3,variety_3,827.017387
site_9,3,variety_24,827.017387
site_2,1,variety_21,837.8635166
site_3,4,variety_18,840.6619571
site_9,1,variety_26,847.3538801
site_9,4,variety_29,854.1327111
site_9,1,variety_4,854.1327111
site_9,4,variety_8,854.1327111
site_8,3,variety_22,855.2978227
site_3,1,variety_23,857.3538578
site_3,2,variety_22,858.1711637
site_3,1,variety_11,861.4403871
site_6,1,variety_26,862.2673084
site_6,4,variety_26,862.2673084
site_8,2,variety_22,864.3009577
site_6,4,variety_13,866.334607
site_9,4,variety_28,879.8922691
site_5,2,variety_34,880.1464752
site_4,4,variety_3,892.094165
site_3,3,variety_3,897.4018454
site_3,3,variety_18,898.2191513
site_5,3,variety_22,898.872996
site_3,2,variety_34,901.4883748
site_3,1,variety_38,903.1229865
site_3,3,variety_38,904.7575983
site_2,2,variety_21,905.651827
site_9,4,variety_7,907.0075932
site_9,1,variety_32,908.3633595
site_5,1,variety_22,910.3970088
site_5,1,variety_34,911.8375104
site_9,2,variety_38,912.4306581
site_3,3,variety_1,912.930657
site_3,1,variety_2,917.0171863
site_4,4,variety_22,917.8537229
site_2,4,variety_22,919.2094891
site_9,2,variety_35,923.2767877
site_9,4,variety_27,925.9883202
site_9,4,variety_12,931.411385
site_3,3,variety_21,931.728692
site_6,2,variety_15,932.7671512
site_3,4,variety_21,939.0844448
site_9,2,variety_33,943.6132809
site_3,3,variety_19,943.98828
site_6,3,variety_10,947.6805795
site_3,4,variety_4,949.9923347
site_4,1,variety_22,953.1036443
site_1,3,variety_22,955.8151767
site_9,1,variety_4,957.1709429
site_3,1,variety_1,957.8824798
site_9,4,variety_15,963.949774
site_8,4,variety_21,970.8380549
site_9,3,variety_35,977.5074361
site_3,2,variety_29,978.3151266
site_3,4,variety_35,979.5410854
site_3,1,variety_20,986.4881853
site_3,3,variety_35,987.3054911
site_1,3,variety_2,989.7093319
site_3,3,variety_37,994.661244
site_2,1,variety_24,996.488163
site_5,2,variety_22,996.8271045
site_3,1,variety_29,1004.468914
site_3,1,variety_33,1006.103526
site_5,1,variety_2,1006.910616
site_5,4,variety_38,1006.910616
site_3,4,variety_1,1008.555444
site_9,4,variety_25,1008.690059
site_3,2,variety_12,1009.37275
site_3,2,variety_23,1009.37275
site_4,3,variety_22,1010.045825
site_3,1,variety_26,1013.459279
site_3,1,variety_36,1013.459279
site_1,2,variety_22,1015.46889
site_9,3,variety_5,1016.824656
site_2,2,variety_2,1019.536189
site_9,4,variety_20,1019.536189
site_5,3,variety_34,1021.315632
site_3,4,variety_24,1023.864211
site_3,1,variety_24,1024.084255
site_2,4,variety_24,1024.959253
site_9,2,variety_33,1026.31502
site_9,3,variety_33,1030.382318
site_9,3,variety_36,1030.382318
site_3,1,variety_34,1033.07462
site_9,4,variety_6,1033.093851
site_3,1,variety_18,1038.795761
site_3,1,variety_16,1041.247679
site_8,2,variety_3,1047.364702
site_9,4,variety_25,1056.141876
site_3,3,variety_36,1059.228408
site_4,1,variety_3,1061.564941
site_5,4,variety_21,1061.649676
site_3,1,variety_10,1061.680325
site_3,1,variety_31,1066.584161
site_8,3,variety_34,1069.87254
site_3,2,variety_1,1070.67069
site_5,3,variety_21,1071.733188
site_4,3,variety_3,1075.122603
site_3,3,variety_23,1076.391831
site_9,4,variety_18,1079.189902
site_9,1,variety_20,1080.545668
site_3,3,variety_14,1081.295666
site_9,1,variety_15,1087.324499
site_8,3,variety_21,1089.379332
site_1,1,variety_22,1090.036031
site_2,1,variety_34,1090.036031
site_2,4,variety_3,1091.391798
site_9,2,variety_29,1092.747564
site_5,1,variety_21,1093.340711
site_9,1,variety_8,1095.459096
site_2,2,variety_1,1102.237927
site_3,4,variety_31,1102.545619
site_5,2,variety_38,1104.864724
site_3,4,variety_3,1106.600713
site_3,4,variety_36,1106.632148
site_5,2,variety_21,1109.186229
site_9,1,variety_18,1111.728291
site_3,2,variety_36,1112.353289
site_3,1,variety_6,1115.622513
site_9,4,variety_9,1115.795589
site_8,3,variety_2,1117.88926
site_5,1,variety_38,1119.26974
site_8,2,variety_2,1119.389782
site_3,2,variety_35,1122.16096
site_3,3,variety_6,1122.16096
site_2,1,variety_35,1122.57442
site_4,2,variety_3,1122.57442
site_5,2,variety_1,1123.591245
site_3,4,variety_11,1124.329964
site_3,3,variety_4,1130.334018
site_9,3,variety_4,1130.709018
site_8,4,variety_2,1132.894484
site_9,1,variety_31,1133.42055
site_9,1,variety_7,1133.42055
site_3,1,variety_21,1133.603242
site_5,1,variety_1,1135.115258
site_3,2,variety_13,1136.05516
site_3,3,variety_11,1138.507077
site_3,3,variety_31,1138.507077
site_3,4,variety_15,1139.104339
site_9,4,variety_30,1142.910913
site_3,3,variety_24,1144.228218
site_3,2,variety_26,1145.045524
site_5,4,variety_2,1145.198769
site_9,2,variety_36,1146.978212
site_3,1,variety_9,1148.314748
site_9,2,variety_18,1151.045511
site_8,1,variety_22,1156.902844
site_9,2,variety_25,1157.824342
site_8,4,variety_36,1161.404412
site_3,4,variety_25,1162.208947
site_9,1,variety_7,1163.247407
site_5,2,variety_2,1163.92529
site_3,4,variety_14,1167.112783
site_3,1,variety_7,1169.5647
site_2,2,variety_38,1171.382004
site_3,4,variety_8,1176.103147
site_9,4,variety_28,1178.160835
site_9,2,variety_6,1184.939666
site_9,1,variety_17,1186.295432
site_2,3,variety_2,1187.651198
site_9,2,variety_11,1189.006965
site_9,2,variety_16,1189.006965
site_9,2,variety_30,1190.362731
site_9,2,variety_31,1190.362731
site_8,2,variety_38,1191.414862
site_9,1,variety_27,1191.718497
site_8,1,variety_23,1192.915384
site_3,4,variety_34,1194.901182
site_5,4,variety_35,1195.616325
site_3,1,variety_4,1196.535794
site_3,4,variety_13,1196.724403
site_5,4,variety_4,1201.378331
site_3,1,variety_15,1207.16077
site_1,2,variety_3,1207.987691
site_3,1,variety_14,1208.795382
site_9,4,variety_26,1209.343458
site_5,4,variety_22,1211.461842
site_9,4,variety_14,1213.410756
site_8,4,variety_1,1213.922699
site_8,2,variety_23,1213.922699
site_4,1,variety_23,1217.478055
site_5,3,variety_1,1220.104852
site_5,4,variety_1,1221.545354
site_5,3,variety_38,1225.866858
site_8,3,variety_3,1227.427402
site_9,3,variety_5,1228.324185
site_9,3,variety_7,1232.391483
site_2,1,variety_38,1235.103016
site_1,4,variety_1,1236.458782
site_3,1,variety_12,1239.035699
site_8,3,variety_38,1239.431582
site_9,1,variety_26,1241.881847
site_3,2,variety_15,1242.304923
site_9,2,variety_9,1244.593379
site_9,1,variety_6,1245.949145
site_9,1,variety_14,1247.304911
site_8,4,variety_37,1248.434717
site_5,1,variety_35,1256.117392
site_5,1,variety_4,1258.998395
site_3,2,variety_16,1259.468346
site_8,4,variety_34,1260.438897
site_9,3,variety_31,1260.862574
site_3,1,variety_25,1261.920264
site_3,4,variety_9,1266.163967
site_1,4,variety_21,1268.997171
site_9,1,variety_12,1268.997171
site_8,1,variety_2,1269.442032
site_9,2,variety_11,1274.420236
site_5,1,variety_24,1280.605919
site_3,1,variety_17,1282.35291
site_3,3,variety_5,1283.170216
site_5,1,variety_3,1284.927424
site_4,3,variety_1,1285.266365
site_9,1,variety_10,1285.266365
site_3,3,variety_30,1285.622134
site_3,1,variety_8,1285.622134
site_3,2,variety_37,1287.256745
site_8,3,variety_1,1287.448302
site_3,3,variety_34,1290.525969
site_9,3,variety_18,1290.68943
site_4,1,variety_2,1292.045196
site_9,3,variety_15,1300.179794
site_5,1,variety_23,1300.772941
site_8,2,variety_1,1300.953004
site_4,3,variety_21,1301.53556
site_8,4,variety_38,1305.454572
site_4,1,variety_5,1311.025923
site_8,4,variety_13,1311.456661
site_3,2,variety_24,1311.775922
site_3,1,variety_19,1315.045145
site_1,2,variety_34,1316.448988
site_9,2,variety_27,1321.872053
site_5,2,variety_4,1325.261468
site_3,2,variety_33,1327.304733
site_8,4,variety_5,1327.962409
site_2,4,variety_38,1328.650884
site_9,3,variety_35,1330.00665
site_9,2,variety_25,1332.718183
site_8,4,variety_16,1335.465021
site_8,2,variety_34,1335.465021
site_8,2,variety_36,1335.465021
site_3,2,variety_19,1335.477792
site_3,4,variety_30,1337.112404
site_8,3,variety_16,1339.966589
site_9,1,variety_28,1340.85278
site_8,3,variety_35,1344.468156
site_8,4,variety_6,1344.468156
site_4,1,variety_35,1346.275845
site_1,3,variety_34,1348.987377
site_3,1,variety_5,1350.189297
site_8,4,variety_35,1351.970769
site_4,2,variety_34,1354.410442
site_1,4,variety_3,1355.766208
site_4,1,variety_1,1355.766208
site_9,1,variety_19,1355.766208
site_5,3,variety_2,1356.952504
site_5,4,variety_36,1356.952504
site_3,1,variety_37,1357.54505
site_3,3,variety_8,1357.54505
site_3,3,variety_9,1359.179662
site_9,4,variety_17,1359.833507
site_9,3,variety_20,1359.833507
site_3,4,variety_19,1360.814274
site_8,3,variety_23,1360.973904
site_5,3,variety_5,1361.274008
site_4,4,variety_34,1362.545039
site_5,1,variety_36,1362.71451
site_3,2,variety_3,1363.266191
site_9,4,variety_37,1365.256572
site_9,2,variety_9,1372.035403
site_1,2,variety_21,1373.391169
site_9,2,variety_37,1380.17
site_4,1,variety_34,1382.881532
site_8,4,variety_23,1383.481741
site_9,4,variety_19,1384.237299
site_3,2,variety_5,1387.785368
site_4,1,variety_16,1389.660363
site_3,4,variety_37,1391.746158
site_9,2,variety_17,1393.727662
site_9,4,variety_9,1397.794961
site_3,1,variety_13,1398.410344
site_5,2,variety_35,1400.167551
site_9,4,variety_31,1401.862259
site_3,4,variety_7,1403.565658
site_3,3,variety_32,1404.948791
site_3,2,variety_2,1409.852626
site_4,1,variety_21,1414.064155
site_3,3,variety_26,1416.391073
site_5,1,variety_5,1418.894072
site_8,1,variety_3,1419.494281
site_8,3,variety_7,1420.994804
site_3,2,variety_31,1422.92952
site_4,1,variety_38,1423.554519
site_1,2,variety_2,1428.977583
site_8,2,variety_21,1429.997939
site_2,2,variety_34,1430.33335
site_3,2,variety_11,1436.006414
site_3,4,variety_5,1436.069284
site_3,4,variety_32,1440.092943
site_5,4,variety_24,1443.382599
site_8,4,variety_8,1446.503686
site_9,2,variety_15,1447.95831
site_5,1,variety_17,1450.585107
site_9,2,variety_28,1453.381375
site_3,3,variety_33,1454.804449
site_1,1,variety_34,1458.80444
site_4,4,variety_2,1458.80444
site_3,4,variety_20,1458.890978
site_4,1,variety_15,1460.160206
site_3,4,variety_29,1460.52559
site_2,1,variety_2,1462.871739
site_8,2,variety_5,1463.009434
site_5,4,variety_5,1467.871126
site_4,2,variety_21,1468.294803
site_1,2,variety_23,1472.362102
site_9,3,variety_11,1473.717868
site_9,3,variety_10,1477.785167
site_8,4,variety_30,1479.515181
site_3,4,variety_10,1480.140931
site_3,2,variety_32,1481.775543
site_9,3,variety_37,1484.563998
site_9,3,variety_11,1485.919764
site_3,3,variety_28,1487.496684
site_8,4,variety_7,1488.518316
site_9,2,variety_37,1488.631297
site_9,3,variety_16,1492.698595
site_8,4,variety_29,1493.019884
site_8,3,variety_36,1493.019884
site_4,4,variety_7,1500.833192
site_8,4,variety_9,1502.023018
site_9,2,variety_8,1502.188959
site_8,3,variety_6,1503.523541
site_4,1,variety_36,1503.544725
site_2,3,variety_38,1504.900491
site_8,1,variety_1,1506.524586
site_8,3,variety_12,1506.524586
site_5,2,variety_36,1509.645673
site_5,3,variety_35,1511.086174
site_3,4,variety_28,1511.418598
site_3,3,variety_7,1512.01586
site_4,3,variety_2,1513.035088
site_9,1,variety_13,1514.390854
site_8,4,variety_4,1517.028243
site_9,3,variety_10,1518.458153
site_4,3,variety_38,1525.236984
site_3,1,variety_27,1525.91006
site_4,2,variety_2,1526.59275
site_3,3,variety_27,1529.179283
site_9,3,variety_27,1529.304283
site_3,3,variety_29,1530.813895
site_5,3,variety_36,1532.693698
site_8,2,variety_9,1533.533991
site_4,2,variety_4,1534.727348
site_4,4,variety_5,1534.727348
site_3,2,variety_18,1536.535036
site_5,1,variety_19,1538.455705
site_5,1,variety_16,1539.896206
site_5,1,variety_6,1539.896206
site_1,3,variety_36,1541.506179
site_5,3,variety_12,1542.777209
site_8,2,variety_24,1544.037648
site_5,2,variety_5,1544.217711
site_3,1,variety_28,1545.5254
site_1,4,variety_36,1546.929243
site_5,4,variety_23,1551.420219
site_2,4,variety_34,1555.063841
site_8,4,variety_24,1557.542351
site_8,3,variety_4,1557.542351
site_4,2,variety_23,1559.131139
site_9,3,variety_13,1560.486906
site_4,1,variety_18,1561.842672
site_4,4,variety_21,1561.842672
site_4,2,variety_7,1561.842672
site_9,3,variety_17,1563.198438
site_3,4,variety_17,1564.323435
site_5,2,variety_23,1568.706238
site_8,2,variety_35,1569.546531
site_1,4,variety_24,1569.977269
site_4,4,variety_29,1575.400334
site_1,3,variety_12,1576.7561
site_4,4,variety_4,1578.111866
site_1,4,variety_38,1579.467632
site_8,3,variety_13,1583.051233
site_2,4,variety_1,1584.890697
site_4,3,variety_34,1584.890697
site_4,2,variety_38,1588.957996
site_8,3,variety_5,1589.053323
site_1,3,variety_38,1590.313762
site_1,2,variety_4,1590.313762
site_4,3,variety_4,1591.669528
site_2,3,variety_1,1594.381061
site_8,4,variety_17,1596.555936
site_4,1,variety_30,1597.092593
site_5,3,variety_23,1601.837775
site_3,3,variety_10,1602.736811
site_4,4,variety_12,1603.871424
site_3,3,variety_13,1604.371423
site_5,2,variety_3,1607.599781
site_4,3,variety_7,1610.650255
site_8,4,variety_15,1611.561161
site_3,4,variety_33,1611.88435
site_9,3,variety_32,1612.006021
site_3,3,variety_2,1613.361788
site_8,3,variety_9,1616.062728
site_4,3,variety_24,1617.429086
site_1,4,variety_2,1618.784853
site_8,2,variety_19,1620.564296
site_1,3,variety_23,1621.496385
site_3,2,variety_17,1621.534846
site_9,1,variety_12,1624.207917
site_1,3,variety_35,1625.563684
site_4,3,variety_35,1628.275216
site_1,1,variety_2,1630.986748
site_1,4,variety_34,1630.986748
site_1,3,variety_20,1633.698281
site_5,3,variety_3,1634.969312
site_4,4,variety_16,1639.121346
site_8,1,variety_34,1640.071088
site_4,2,variety_35,1641.832878
site_5,4,variety_3,1643.612321
site_1,3,variety_3,1644.54441
site_4,1,variety_37,1647.255943
site_8,3,variety_8,1649.074223
site_8,4,variety_20,1652.075268
site_3,2,variety_30,1653.409775
site_5,4,variety_18,1653.695832
site_3,1,variety_30,1654.227081
site_4,2,variety_29,1658.102073
site_4,4,variety_35,1659.457839
site_9,2,variety_30,1659.457839
site_8,4,variety_19,1659.577881
site_3,2,variety_6,1660.765528
site_4,4,variety_38,1660.813605
site_9,3,variety_12,1660.813605
site_4,2,variety_36,1663.525137
site_3,4,variety_26,1663.594664
site_8,3,variety_11,1664.079448
site_4,3,variety_23,1664.880904
site_4,2,variety_1,1667.592436
site_4,1,variety_28,1673.015501
site_4,4,variety_9,1673.015501
site_5,3,variety_24,1675.303356
site_4,4,variety_24,1675.727033
site_3,2,variety_21,1676.29434
site_3,2,variety_28,1676.29434
site_5,4,variety_28,1676.743858
site_5,3,variety_17,1678.18436
site_8,3,variety_24,1680.585196
site_4,1,variety_12,1682.505864
site_4,3,variety_28,1682.505864
site_4,1,variety_29,1687.928929
site_1,1,variety_38,1690.640462
site_4,1,variety_31,1690.640462
site_8,2,variety_4,1691.088853
site_5,1,variety_15,1696.91088
site_2,3,variety_24,1697.419293
site_4,3,variety_12,1698.775059
site_4,2,variety_5,1700.130825
site_8,2,variety_37,1701.59251
site_8,4,variety_31,1703.093033
site_4,2,variety_16,1704.198124
site_2,2,variety_35,1705.55389
site_8,3,variety_29,1706.094078
site_8,1,variety_35,1706.094078
site_4,1,variety_13,1706.909656
site_8,4,variety_28,1707.5946
site_4,1,variety_20,1708.265422
site_4,4,variety_19,1709.621188
site_9,2,variety_10,1709.621188
site_8,1,variety_21,1710.595645
site_5,3,variety_4,1712.756398
site_8,3,variety_33,1716.597735
site_4,3,variety_36,1719.111552
site_5,4,variety_13,1721.399407
site_8,2,variety_8,1724.100348
site_8,2,variety_12,1725.60087
site_2,2,variety_36,1727.246149
site_2,3,variety_36,1728.601915
site_4,2,variety_28,1734.02498
site_1,4,variety_33,1735.380746
site_4,1,variety_14,1735.380746
site_3,3,variety_20,1736.774974
site_2,1,variety_36,1738.092279
site_3,4,variety_6,1740.421416
site_8,3,variety_30,1740.606095
site_8,2,variety_16,1742.106618
site_8,4,variety_26,1742.106618
site_4,2,variety_25,1742.159577
site_8,1,variety_16,1748.108708
site_2,1,variety_33,1748.938408
site_2,1,variety_1,1750.294175
site_1,2,variety_1,1751.649941
site_1,2,variety_11,1751.649941
site_1,3,variety_4,1753.005707
site_8,4,variety_27,1758.612365
site_5,2,variety_17,1758.852449
site_4,1,variety_4,1759.784538
site_8,1,variety_38,1761.61341
site_5,4,variety_10,1761.733452
site_8,2,variety_17,1763.113933
site_2,4,variety_8,1763.851837
site_5,4,variety_12,1764.614455
site_4,4,variety_36,1766.563369
site_8,3,variety_18,1772.117068
site_8,1,variety_4,1773.61759
site_4,4,variety_1,1777.409499
site_5,1,variety_18,1777.57897
site_1,2,variety_5,1781.476797
site_5,2,variety_24,1781.900474
site_8,2,variety_30,1782.620725
site_9,3,variety_29,1785.544096
site_5,1,variety_37,1789.102982
site_8,3,variety_37,1791.62386
site_5,1,variety_31,1791.983986
site_4,1,variety_24,1792.322927
site_8,3,variety_19,1794.624905
site_4,4,variety_23,1795.03446
site_4,1,variety_33,1796.390226
site_8,4,variety_14,1799.126473
site_5,3,variety_11,1800.626995
site_4,1,variety_11,1801.813291
site_9,3,variety_13,1801.813291
site_5,4,variety_31,1802.067497
site_4,2,variety_17,1803.169057
site_4,3,variety_17,1803.169057
site_2,3,variety_34,1808.592122
site_8,4,variety_25,1809.63013
site_4,1,variety_7,1809.947888
site_4,1,variety_9,1809.947888
site_4,4,variety_17,1814.015186
site_8,4,variety_12,1814.131698
site_8,1,variety_36,1814.131698
site_5,2,variety_15,1815.032011
site_1,3,variety_33,1815.370953
site_9,1,variety_29,1820.794018
site_8,2,variety_13,1821.63431
site_8,4,variety_18,1823.134833
site_3,2,variety_4,1826.67862
site_4,3,variety_9,1828.928615
site_8,2,variety_25,1829.136923
site_5,3,variety_7,1833.758532
site_5,4,variety_30,1836.639535
site_4,2,variety_9,1837.063212
site_5,3,variety_15,1838.080037
site_4,1,variety_25,1838.418978
site_8,3,variety_10,1841.141103
site_4,2,variety_15,1842.486277
site_9,3,variety_19,1845.197809
site_5,1,variety_12,1846.723046
site_8,1,variety_25,1847.143193
site_8,3,variety_32,1847.143193
site_4,1,variety_8,1847.909342
site_5,1,variety_9,1849.604049
site_4,1,variety_6,1850.620874
site_5,1,variety_30,1851.044551
site_8,3,variety_20,1853.145283
site_4,2,variety_12,1853.332407
site_9,2,variety_13,1853.332407
site_5,4,variety_9,1853.925554
site_8,3,variety_28,1854.645805
site_4,4,variety_33,1854.688173
site_5,4,variety_19,1855.366056
site_8,2,variety_28,1856.146328
site_8,1,variety_29,1859.147373
site_5,1,variety_10,1862.568564
site_4,1,variety_32,1864.178536
site_4,4,variety_6,1864.178536
site_4,1,variety_17,1872.313133
site_8,3,variety_17,1874.152597
site_5,1,variety_13,1875.533078
site_5,1,variety_28,1875.533078
site_4,2,variety_13,1879.091964
site_5,1,variety_20,1879.854583
site_8,1,variety_12,1880.154687
site_8,3,variety_31,1881.65521
site_4,2,variety_18,1881.803497
site_5,3,variety_18,1882.735586
site_8,1,variety_7,1883.155732
site_4,4,variety_28,1887.226562
site_5,4,variety_17,1889.938094
site_9,2,variety_19,1892.649627
site_5,4,variety_7,1894.259599
site_5,4,variety_16,1897.140602
site_8,2,variety_15,1898.160957
site_5,2,variety_37,1898.581104
site_8,1,variety_6,1899.66148
site_1,1,variety_1,1903.495756
site_3,3,variety_15,1905.957289
site_4,2,variety_24,1906.207289
site_1,2,variety_38,1914.341886
site_4,1,variety_26,1917.053418
site_8,3,variety_26,1917.66775
site_8,4,variety_33,1917.66775
site_4,3,variety_5,1919.764951
site_8,4,variety_10,1922.169317
site_8,2,variety_7,1922.169317
site_5,3,variety_6,1923.069631
site_5,2,variety_18,1924.510132
site_5,4,variety_37,1925.950634
site_5,2,variety_9,1927.391136
site_1,4,variety_5,1929.255314
site_5,2,variety_12,1930.272139
site_5,1,variety_29,1931.71264
site_5,1,variety_33,1933.153142
site_3,2,variety_9,1933.745689
site_8,1,variety_14,1934.173497
site_4,3,variety_25,1934.678379
site_1,4,variety_4,1937.389911
site_4,4,variety_15,1937.389911
site_4,4,variety_27,1941.45721
site_5,4,variety_11,1941.796152
site_5,4,variety_20,1943.236653
site_1,2,variety_24,1945.524509
site_1,3,variety_5,1945.524509
site_8,1,variety_24,1949.178722
site_4,1,variety_27,1952.30334
site_2,2,variety_18,1956.370638
site_5,4,variety_15,1957.641669
site_1,3,variety_1,1959.082171
site_1,3,variety_37,1963.149469
site_1,4,variety_35,1964.505236
site_2,3,variety_26,1965.861002
site_4,1,variety_19,1969.9283
site_5,1,variety_26,1970.606184
site_5,1,variety_7,1970.606184
site_8,3,variety_14,1976.188127
site_8,2,variety_10,1977.68865
site_4,3,variety_29,1978.062898
site_2,3,variety_33,1979.418664
site_9,2,variety_32,1979.418664
site_3,2,variety_27,1979.514818
site_1,1,variety_23,1983.485963
site_2,4,variety_35,1983.485963
site_4,4,variety_30,1986.197495
site_1,1,variety_4,1990.264794
site_8,1,variety_5,1992.693875
site_2,2,variety_26,1995.687858
site_4,2,variety_33,1995.687858
site_1,4,variety_16,1997.043625
site_2,3,variety_35,1997.043625
site_5,2,variety_13,1999.416215
site_5,4,variety_6,1999.416215
site_1,2,variety_17,2001.110923
site_4,3,variety_16,2002.466689
site_8,1,variety_13,2004.698055
site_2,2,variety_7,2006.533988
site_8,3,variety_15,2012.200667
site_8,2,variety_33,2012.200667
site_5,2,variety_11,2013.821231
site_3,4,variety_27,2014.65897
site_5,3,variety_13,2018.142736
site_8,2,variety_6,2019.70328
site_4,2,variety_11,2020.09165
site_4,2,variety_6,2021.447416
site_3,2,variety_10,2022.014723
site_5,2,variety_19,2022.464241
site_5,3,variety_20,2023.904743
site_8,2,variety_27,2025.70537
site_5,3,variety_16,2026.785746
site_1,2,variety_16,2026.870481
site_8,3,variety_25,2027.205892
site_2,1,variety_16,2028.226247
site_4,3,variety_8,2030.93778
site_4,2,variety_20,2033.649312
site_8,1,variety_17,2037.70955
site_8,2,variety_29,2039.210072
site_5,1,variety_8,2039.75026
site_5,3,variety_37,2044.071765
site_8,1,variety_9,2045.212162
site_5,2,variety_20,2049.833771
site_2,2,variety_4,2053.985805
site_8,1,variety_26,2054.215297
site_4,3,variety_13,2055.341572
site_5,1,variety_11,2057.036279
site_5,4,variety_26,2057.036279
site_2,1,variety_26,2059.40887
site_5,3,variety_30,2061.357784
site_5,3,variety_19,2065.679289
site_5,2,variety_7,2065.679289
site_5,3,variety_9,2065.679289
site_2,4,variety_36,2066.187701
site_5,3,variety_26,2067.11979
site_4,3,variety_11,2068.899234
site_8,2,variety_14,2070.721044
site_5,3,variety_33,2071.441295
site_5,4,variety_33,2071.441295
site_5,3,variety_8,2071.441295
site_5,2,variety_30,2074.322298
site_4,4,variety_18,2075.678065
site_4,2,variety_31,2077.033831
site_4,2,variety_32,2077.033831
site_2,2,variety_37,2078.389597
site_8,2,variety_31,2081.224702
site_8,1,variety_27,2082.725224
site_5,2,variety_10,2084.40581
site_8,3,variety_27,2085.726269
site_4,3,variety_10,2086.524194
site_5,2,variety_31,2093.048819
site_5,3,variety_31,2095.929822
site_4,3,variety_19,2096.014558
site_8,2,variety_11,2097.730449
site_2,2,variety_25,2101.437623
site_5,2,variety_28,2103.13233
site_1,1,variety_35,2106.860687
site_1,4,variety_8,2106.860687
site_4,2,variety_26,2106.860687
site_5,4,variety_25,2107.453835
site_1,2,variety_36,2108.216454
site_1,1,variety_21,2110.927986
site_1,4,variety_20,2117.706817
site_4,4,variety_13,2117.706817
site_8,4,variety_11,2121.738809
site_5,2,variety_14,2121.858851
site_8,1,variety_10,2123.239332
site_5,2,variety_6,2123.299353
site_4,3,variety_33,2124.485648
site_8,1,variety_30,2127.740899
site_5,1,variety_14,2129.061359
site_1,3,variety_8,2132.620245
site_5,3,variety_29,2133.382864
site_2,3,variety_8,2135.331778
site_2,4,variety_33,2136.687544
site_8,1,variety_28,2139.745079
site_4,3,variety_30,2140.754843
site_4,2,variety_14,2142.110609
site_1,3,variety_25,2144.822141
site_5,3,variety_10,2144.906877
site_1,1,variety_36,2147.533674
site_2,2,variety_8,2147.533674
site_4,2,variety_27,2147.533674
site_2,3,variety_7,2151.600972
site_8,1,variety_31,2153.249782
site_4,3,variety_14,2154.312505
site_8,2,variety_20,2156.250827
site_5,4,variety_29,2156.430889
site_4,3,variety_27,2158.379803
site_1,2,variety_19,2159.73557
site_8,2,variety_18,2162.252917
site_1,4,variety_13,2165.158634
site_4,3,variety_31,2165.158634
site_9,3,variety_32,2166.514401
site_1,2,variety_20,2170.581699
site_4,4,variety_20,2176.004764
site_4,4,variety_37,2177.36053
site_4,3,variety_6,2177.36053
site_2,1,variety_4,2178.716296
site_1,2,variety_12,2180.072063
site_5,2,variety_16,2180.919417
site_1,1,variety_24,2181.427829
site_2,1,variety_31,2181.427829
site_4,4,variety_11,2181.427829
site_1,4,variety_17,2182.783595
site_1,4,variety_9,2182.783595
site_2,1,variety_7,2182.783595
site_4,4,variety_10,2182.783595
site_4,2,variety_19,2182.783595
site_8,1,variety_11,2184.760754
site_1,3,variety_26,2186.850894
site_1,3,variety_16,2190.918192
site_4,1,variety_10,2192.273959
site_5,4,variety_14,2195.324433
site_4,4,variety_31,2199.05279
site_5,4,variety_27,2201.086439
site_3,2,variety_20,2202.63932
site_8,4,variety_32,2202.767024
site_4,3,variety_26,2204.475854
site_4,2,variety_8,2204.475854
site_8,2,variety_32,2205.768069
site_1,1,variety_3,2209.898919
site_5,3,variety_28,2211.16995
site_4,3,variety_20,2211.254685
site_1,3,variety_13,2216.67775
site_1,1,variety_5,2219.389283
site_4,2,variety_30,2222.100815
site_2,1,variety_14,2228.879646
site_2,4,variety_9,2234.302711
site_1,2,variety_26,2237.014243
site_4,3,variety_15,2237.014243
site_2,4,variety_25,2238.37001
site_4,3,variety_18,2238.37001
site_1,2,variety_9,2239.725776
site_4,2,variety_37,2253.283438
site_8,1,variety_18,2255.285311
site_4,4,variety_14,2255.99497
site_2,2,variety_28,2257.350737
site_2,3,variety_9,2257.350737
site_4,3,variety_37,2258.706503
site_2,2,variety_29,2266.8411
site_2,3,variety_31,2268.196866
site_4,3,variety_32,2269.552632
site_2,1,variety_8,2270.908399
site_5,2,variety_27,2273.111519
site_1,3,variety_24,2280.398762
site_2,2,variety_27,2280.398762
site_2,2,variety_31,2280.398762
site_2,4,variety_6,2281.754528
site_2,4,variety_7,2281.754528
site_5,3,variety_25,2283.19503
site_1,3,variety_18,2285.821827
site_8,2,variety_26,2286.796284
site_8,1,variety_19,2289.797329
site_5,4,variety_8,2293.278541
site_1,3,variety_10,2293.956424
site_3,2,variety_25,2295.812189
site_8,1,variety_15,2297.299941
site_5,2,variety_25,2300.481049
site_4,4,variety_25,2304.802554
site_5,2,variety_33,2309.124059
site_1,4,variety_29,2310.225619
site_5,2,variety_8,2316.326567
site_2,2,variety_17,2317.00445
site_4,4,variety_8,2319.715982
site_1,2,variety_8,2326.494813
site_1,2,variety_15,2327.850579
site_8,1,variety_33,2330.311436
site_1,2,variety_18,2333.273644
site_8,1,variety_20,2333.312481
site_2,2,variety_15,2334.62941
site_2,1,variety_28,2337.340943
site_2,1,variety_37,2338.696709
site_1,4,variety_26,2340.052475
site_2,2,variety_11,2340.052475
site_1,2,variety_33,2348.187072
site_2,2,variety_33,2349.542839
site_2,1,variety_32,2352.254371
site_2,1,variety_29,2359.033202
site_2,2,variety_30,2360.388968
site_4,4,variety_26,2364.456267
site_2,2,variety_14,2369.879332
site_5,2,variety_29,2372.506129
site_1,4,variety_7,2372.590864
site_2,1,variety_12,2378.013929
site_5,1,variety_32,2378.268135
site_2,3,variety_16,2384.79276
site_1,3,variety_6,2388.860059
site_2,4,variety_18,2388.860059
site_1,3,variety_21,2392.927357
site_1,3,variety_11,2402.417721
site_2,4,variety_29,2402.417721
site_1,1,variety_37,2406.485019
site_2,1,variety_9,2406.485019
site_5,2,variety_32,2409.95917
site_2,1,variety_5,2410.552318
site_8,1,variety_37,2411.339651
site_1,4,variety_14,2413.26385
site_1,4,variety_31,2414.619617
site_1,3,variety_15,2417.331149
site_2,3,variety_4,2421.398448
site_2,4,variety_16,2422.754214
site_2,2,variety_9,2425.465746
site_2,3,variety_37,2426.821513
site_2,2,variety_16,2434.95611
site_2,4,variety_4,2437.667642
site_2,3,variety_25,2444.446473
site_2,1,variety_11,2447.158006
site_2,4,variety_27,2449.869538
site_2,3,variety_12,2451.225304
site_1,3,variety_19,2452.581071
site_5,4,variety_32,2456.055221
site_5,1,variety_27,2457.495723
site_8,1,variety_8,2463.857938
site_2,2,variety_20,2471.561797
site_5,1,variety_25,2471.900739
site_2,3,variety_5,2472.917564
site_1,2,variety_25,2476.984862
site_5,3,variety_27,2481.98425
site_2,2,variety_12,2482.407927
site_4,2,variety_10,2482.407927
site_5,3,variety_32,2492.067761
site_2,4,variety_28,2494.609823
site_2,1,variety_30,2494.609823
site_2,2,variety_5,2494.609823
site_2,2,variety_6,2495.965589
site_5,3,variety_14,2500.710771
site_4,4,variety_32,2505.455953
site_3,2,variety_14,2512.398245
site_2,3,variety_32,2527.148212
site_2,4,variety_26,2529.859744
site_2,1,variety_25,2547.484705
site_1,3,variety_31,2550.196238
site_2,4,variety_30,2556.975069
site_2,3,variety_29,2562.398133
site_1,4,variety_12,2569.176964
site_1,1,variety_11,2570.532731
site_2,3,variety_14,2577.311562
site_1,4,variety_19,2578.667328
site_1,4,variety_30,2582.734627
site_1,3,variety_30,2586.801925
site_2,3,variety_30,2588.157691
site_1,1,variety_20,2592.22499
site_1,1,variety_18,2608.494184
site_1,1,variety_14,2620.69608
site_8,1,variety_32,2621.4128
site_1,4,variety_37,2623.407613
site_2,1,variety_6,2624.763379
site_1,4,variety_11,2627.474911
site_2,3,variety_18,2630.186444
site_2,1,variety_19,2631.54221
site_1,3,variety_27,2636.965275
site_2,3,variety_17,2643.744106
site_2,4,variety_12,2650.522937
site_1,2,variety_13,2664.080599
site_2,4,variety_15,2672.215196
site_1,1,variety_33,2673.570962
site_2,3,variety_27,2685.772858
site_5,2,variety_26,2700.940493
site_1,1,variety_9,2702.042053
site_2,4,variety_13,2702.042053
site_2,4,variety_20,2702.042053
site_1,4,variety_6,2703.397819
site_2,4,variety_32,2708.820884
site_2,4,variety_31,2729.157377
site_1,1,variety_25,2734.580442
site_2,3,variety_28,2744.070805
site_2,1,variety_15,2750.849636
site_2,1,variety_17,2771.186129
site_1,2,variety_14,2773.897662
site_2,4,variety_19,2775.253428
site_2,2,variety_13,2776.609194
site_1,2,variety_32,2786.099558
site_2,3,variety_15,2786.099558
site_2,1,variety_27,2788.81109
site_2,1,variety_18,2790.166856
site_1,1,variety_26,2796.945687
site_2,3,variety_6,2806.436051
site_2,3,variety_13,2807.791817
site_2,2,variety_10,2818.637947
site_1,2,variety_37,2826.772544
site_2,2,variety_32,2829.484076
site_1,1,variety_31,2834.907141
site_1,2,variety_6,2843.041738
site_2,2,variety_19,2849.82057
site_2,3,variety_19,2851.176336
site_2,3,variety_11,2856.599401
site_2,4,variety_10,2864.733998
site_2,1,variety_20,2867.44553
site_1,2,variety_10,2868.801296
site_1,1,variety_15,2868.801296
site_2,4,variety_17,2875.580127
site_1,4,variety_28,2881.003192
site_1,1,variety_12,2882.358959
site_1,2,variety_7,2889.13779
site_2,4,variety_14,2889.13779
site_1,1,variety_32,2893.205088
site_1,1,variety_17,2901.339685
site_1,2,variety_27,2901.339685
site_1,4,variety_32,2912.185815
site_1,1,variety_7,2916.253114
site_1,2,variety_31,2928.45501
site_1,1,variety_10,2948.791503
site_1,1,variety_19,2948.791503
site_1,3,variety_14,2959.637632
site_2,4,variety_5,2970.483762
site_2,3,variety_10,2975.906827
site_1,3,variety_32,2988.108723
site_1,4,variety_25,2993.531788
site_1,2,variety_28,2996.24332
site_2,1,variety_10,3005.733683
site_1,2,variety_29,3011.156748
site_1,3,variety_9,3011.156748
site_1,1,variety_16,3017.935579
site_1,3,variety_29,3064.03163
site_2,4,variety_11,3087.079656
site_1,3,variety_17,3095.214253
site_1,1,variety_6,3099.281552
site_2,1,variety_13,3152.156434
site_1,2,variety_30,3221.300511
site_1,4,variety_27,3248.415835
site_1,1,variety_28,3348.742534
site_1,4,variety_10,3362.300196
site_1,1,variety_27,3459.915363
site_1,1,variety_29,3462.626896
site_1,1,variety_8,3523.636375
site_1,3,variety_28,3655.145697
site_1,1,variety_13,NA
site_1,4,variety_15,NA
site_1,4,variety_18,NA
site_1,1,variety_30,NA
site_1,2,variety_35,NA
site_1,3,variety_7,NA
site_2,4,variety_2,NA
site_2,3,variety_20,NA
site_2,4,variety_21,NA
site_2,4,variety_37,NA
site_3,4,variety_16,NA
site_3,2,variety_7,NA
site_3,2,variety_8,NA
